{"cameraMode":{"drawMode":0,"name":"Shaded","section":"Shading Mode"},"sceneLighting":true,"audioPlay":false,"sceneViewState":{"m_AlwaysRefresh":false,"showFog":true,"showSkybox":true,"showFlares":true,"showImageEffects":true,"showParticleSystems":true,"showVisualEffectGraphs":true,"m_FxEnabled":true},"in2DMode":false,"pivot":{"x":1.449087381362915,"y":5.665008544921875,"z":14.800586700439454},"rotation":{"x":0.02305609919130802,"y":-0.7846054434776306,"z":0.6196160912513733,"w":0.029265915974974633},"size":91.92549896240235,"orthographic":false}