{"cameraMode":{"drawMode":0,"name":"Shaded","section":"Shading Mode"},"sceneLighting":true,"audioPlay":false,"sceneViewState":{"m_AlwaysRefresh":false,"showFog":true,"showSkybox":true,"showFlares":true,"showImageEffects":true,"showParticleSystems":true,"showVisualEffectGraphs":true,"m_FxEnabled":true},"in2DMode":false,"pivot":{"x":62.77344512939453,"y":16.17220687866211,"z":28.297903060913087},"rotation":{"x":0.5246023535728455,"y":0.08552300184965134,"z":-0.052740056067705157,"w":0.8454930782318115},"size":9.530660629272461,"orthographic":false}