{"cameraMode":{"drawMode":0,"name":"Shaded","section":"Shading Mode"},"sceneLighting":true,"audioPlay":false,"sceneViewState":{"m_AlwaysRefresh":false,"showFog":true,"showSkybox":true,"showFlares":true,"showImageEffects":true,"showParticleSystems":true,"showVisualEffectGraphs":true,"m_FxEnabled":true},"in2DMode":false,"pivot":{"x":19.94118309020996,"y":88.07542419433594,"z":-88.78634643554688},"rotation":{"x":-0.32094264030456545,"y":0.09808938205242157,"z":-0.034555669873952869,"w":-0.9418429732322693},"size":0.6487569212913513,"orthographic":false}